Trial,Generated,Changed,Position,Tone,Surprise,Alternative,Alt_Surprise,RT
0,True,True,1,65,1.0,,,1.0635757599957287
0,True,True,2,60,0.0347107438016529,60.0,0.0347107438016529,5.127968488959596
0,True,True,3,63,0.14757045675413022,58.0,0.1577745383867833,9.404283288051374
0,True,True,4,63,0.364155739706157,65.0,0.08992134503343914,16.352659881929867
0,True,True,5,65,0.08992134503343914,58.0,0.2313518792457166,0.8144570599542931
0,True,True,6,65,0.08992134503343914,58.0,0.2313518792457166,0.0003729659365490079
0,True,True,7,58,0.2313518792457166,63.0,0.364155739706157,0.00045740604400634766
0,True,True,8,63,0.364155739706157,67.0,0.08990698320144384,0.00042349391151219606
